{
    "0": {
        "precision": 0.9838709677419355,
        "recall": 0.9838709677419355,
        "f1-score": 0.9838709677419355,
        "support": 124
    },
    "1": {
        "precision": 0.9883040935672515,
        "recall": 0.9883040935672515,
        "f1-score": 0.9883040935672515,
        "support": 171
    },
    "accuracy": 0.9864406779661017,
    "macro avg": {
        "precision": 0.9860875306545935,
        "recall": 0.9860875306545935,
        "f1-score": 0.9860875306545935,
        "support": 295
    },
    "weighted avg": {
        "precision": 0.9864406779661017,
        "recall": 0.9864406779661017,
        "f1-score": 0.9864406779661017,
        "support": 295
    }
}